1403638524277829376,-0.00350,-0.04810,0.13566,-0.02471,0.83993,0.05355,0.53948,
1403638524377829632,0.00104,-0.04741,0.19037,-0.03414,0.83718,0.05194,0.54339,
1403638524477829376,0.00782,-0.04648,0.25053,-0.04119,0.83060,0.05013,0.55308,
1403638524577829632,0.01598,-0.04480,0.31051,-0.04443,0.82178,0.04873,0.56597,
1403638524677829632,0.02474,-0.04181,0.36457,-0.04039,0.81533,0.04319,0.57597,
1403638524777829376,0.01870,-0.06403,0.38354,-0.02768,0.81153,0.03810,0.58240,
1403638525077829632,0.04219,-0.04201,0.42494,-0.02832,0.80573,0.04120,0.59017,
1403638525377829632,0.03984,-0.04685,0.28463,-0.02932,0.81581,0.05609,0.57485,
1403638525477829376,0.03571,-0.04745,0.23256,-0.03777,0.82801,0.05798,0.55643,
1403638525577829632,0.03212,-0.05079,0.18410,-0.04403,0.83702,0.05754,0.54236,
1403638525677829632,0.03225,-0.05124,0.14491,-0.04494,0.83997,0.05458,0.53802,
1403638525777829376,0.03194,-0.05388,0.11177,-0.04228,0.83841,0.04883,0.54120,
1403638525877829632,0.03075,-0.05576,0.08830,-0.03532,0.83476,0.04446,0.54768,
1403638525977829376,0.02857,-0.06502,0.07646,-0.02704,0.83336,0.04336,0.55037,
1403638526077829632,0.02733,-0.08493,0.07486,-0.02270,0.83497,0.04127,0.54828,
1403638526177829632,0.02569,-0.11508,0.08090,-0.02092,0.83737,0.03221,0.54529,
1403638526277829376,0.02226,-0.15181,0.09331,-0.01750,0.83647,0.02318,0.54725,
1403638526377829632,0.01646,-0.19327,0.10707,-0.01518,0.83234,0.01451,0.55387,
1403638526477829376,0.00846,-0.23916,0.11870,-0.01396,0.82730,0.00351,0.56158,
1403638526577829632,-0.00090,-0.29151,0.12675,-0.01257,0.82197,-0.00759,0.56935,
1403638526677829632,-0.01211,-0.35117,0.13248,-0.00813,0.81680,-0.01607,0.57664,
1403638526777829376,-0.02610,-0.41623,0.13641,0.00036,0.81369,-0.02163,0.58089,
1403638526877829632,-0.04135,-0.48180,0.13886,0.00823,0.81297,-0.02480,0.58172,
1403638526977829376,-0.05670,-0.54479,0.14051,0.01244,0.81607,-0.03111,0.57698,
1403638527077829632,-0.06939,-0.60366,0.14273,0.02011,0.82060,-0.04419,0.56943,
1403638527177829632,-0.07932,-0.65556,0.14702,0.02784,0.82238,-0.05930,0.56515,
1403638527277829376,-0.08457,-0.69620,0.15261,0.03928,0.81947,-0.07303,0.56709,
1403638527377829632,-0.08408,-0.71881,0.15758,0.05468,0.81437,-0.08176,0.57195,
1403638527477829376,-0.07890,-0.72084,0.15963,0.06492,0.81078,-0.08611,0.57534,
1403638527777829376,-0.04152,-0.62001,0.15882,0.06007,0.81209,-0.07598,0.57543,
1403638527877829632,-0.02103,-0.56497,0.15812,0.04571,0.81534,-0.07084,0.57281,
1403638527977829376,0.00086,-0.50627,0.15934,0.03516,0.81628,-0.06569,0.57283,
1403638528077829632,0.02075,-0.44883,0.15717,0.02787,0.81509,-0.05796,0.57575,
1403638528177829632,0.03816,-0.39682,0.16259,0.01811,0.81542,-0.04903,0.57650,
1403638528277829376,0.06202,-0.34420,0.14720,0.00552,0.81684,-0.03831,0.57556,
1403638528377829632,0.10382,-0.29834,0.13820,-0.00207,0.81651,-0.02989,0.57655,
1403638528777829376,0.22761,-0.23700,0.11775,0.00375,0.81850,-0.04298,0.57289,
1403638529177829632,0.20418,-0.18817,0.17846,0.01151,0.81961,-0.05168,0.57048,
1403638529277829376,0.16907,-0.16415,0.17516,0.02329,0.82154,-0.04575,0.56784,
1403638529377829632,0.13069,-0.14594,0.16449,0.02742,0.82682,-0.04136,0.56028,
1403638529477829376,0.09567,-0.13211,0.14531,0.02606,0.83690,-0.03880,0.54536,
1403638529577829632,0.06602,-0.12629,0.12425,0.02353,0.84701,-0.03562,0.52986,
1403638529677829632,0.04711,-0.11802,0.10105,0.02483,0.85091,-0.03262,0.52372,
1403638529777829376,0.03548,-0.10956,0.07937,0.02408,0.84738,-0.03195,0.52948,
1403638529877829632,0.02413,-0.10062,0.06102,0.02260,0.84095,-0.03303,0.53963,
1403638529977829376,0.02280,-0.09647,0.04820,0.02210,0.83838,-0.03318,0.54363,
1403638530177829632,0.04346,-0.09618,0.02892,0.02382,0.84157,-0.03812,0.53827,
1403638530277829376,0.05739,-0.09887,0.02087,0.02601,0.84115,-0.04414,0.53836,
1403638530377829632,0.06939,-0.10325,0.01317,0.02850,0.84054,-0.04930,0.53875,
1403638530477829376,0.07995,-0.10788,0.00770,0.02880,0.84032,-0.05317,0.53870,
1403638530577829632,0.08647,-0.11320,0.00418,0.02809,0.84035,-0.05649,0.53835,
1403638530677829632,0.08971,-0.11754,0.00095,0.02928,0.84335,-0.05866,0.53335,
1403638530777829376,0.09177,-0.12072,-0.00292,0.02936,0.84678,-0.06018,0.52772,
1403638530977829376,0.09425,-0.12340,-0.00876,0.02627,0.84527,-0.05966,0.53034,
1403638531177829632,0.09326,-0.12237,-0.00823,0.02771,0.83980,-0.05629,0.53926,
1403638538877829632,0.09358,-0.12260,-0.00728,0.03628,0.83403,-0.05817,0.54744,
1403638538977829376,0.09623,-0.12354,-0.00320,0.03711,0.82927,-0.05750,0.55465,
1403638539077829632,0.09960,-0.12476,0.00200,0.03870,0.82367,-0.05903,0.56265,
1403638539177829632,0.10603,-0.12567,0.01168,0.03808,0.81839,-0.05954,0.57030,
1403638539277829376,0.11378,-0.12662,0.02897,0.03797,0.81470,-0.05883,0.57564,
1403638539377829632,0.12148,-0.12814,0.05353,0.03765,0.81564,-0.05836,0.57438,
1403638539477829376,0.12920,-0.13069,0.08593,0.03728,0.81771,-0.05731,0.57156,
1403638539877829632,0.17101,-0.13278,0.17224,0.03498,0.82308,-0.05322,0.56434,
1403638540077829632,0.20521,-0.13453,0.18821,0.03300,0.83356,-0.05281,0.54890,
1403638540377829632,0.30272,-0.14170,0.21514,0.03401,0.82728,-0.04924,0.55860,
1403638540477829376,0.33569,-0.14638,0.24000,0.03082,0.82501,-0.04324,0.56262,
1403638540577829632,0.38962,-0.13136,0.22877,0.02350,0.82529,-0.03175,0.56332,
1403638540677829632,0.44505,-0.13713,0.23516,0.01514,0.82549,-0.01456,0.56403,
1403638540777829376,0.50377,-0.14198,0.23500,0.00714,0.82466,0.00947,0.56550,
1403638540877829632,0.55171,-0.12262,0.24533,-0.00322,0.82399,0.03748,0.56536,
1403638540977829376,0.60677,-0.11279,0.24562,-0.01700,0.82243,0.06378,0.56502,
1403638541077829632,0.66545,-0.09743,0.23972,-0.03077,0.82024,0.08326,0.56509,
1403638541177829632,0.72280,-0.08392,0.23450,-0.04045,0.81848,0.09655,0.56492,
1403638541277829376,0.77431,-0.04373,0.23675,-0.04558,0.81766,0.10533,0.56415,
1403638541477829376,0.88030,0.01114,0.24597,-0.04979,0.81725,0.10917,0.56365,
1403638541677829632,0.99168,0.09006,0.27912,-0.05343,0.81406,0.11282,0.56721,
1403638541777829376,1.04588,0.13898,0.30426,-0.06331,0.81268,0.11847,0.56701,
1403638541877829632,1.08630,0.19986,0.35462,-0.07534,0.81120,0.12745,0.56571,
1403638541977829376,1.13236,0.25458,0.36964,-0.08719,0.81005,0.14182,0.56222,
1403638542077829632,1.17362,0.31594,0.40089,-0.10127,0.80786,0.15892,0.55843,
1403638542177829632,1.22364,0.37607,0.41869,-0.11671,0.80393,0.17888,0.55505,
1403638542277829376,1.26588,0.43792,0.43198,-0.13168,0.79985,0.20225,0.54954,
1403638542377829632,1.30806,0.49910,0.43994,-0.14559,0.79202,0.22414,0.54888,
1403638542477829376,1.35120,0.56145,0.44689,-0.15202,0.77833,0.24445,0.55797,
1403638542577829632,1.39287,0.62415,0.45046,-0.14841,0.76617,0.26298,0.56727,
1403638542677829632,1.42803,0.69111,0.45679,-0.14923,0.76265,0.27242,0.56735,
1403638542777829376,1.45686,0.76338,0.46971,-0.15826,0.76676,0.27138,0.55980,
1403638542877829632,1.47872,0.83820,0.48981,-0.16500,0.77214,0.26831,0.55189,
1403638543077829632,1.50986,0.98899,0.54455,-0.17197,0.78024,0.26215,0.54122,
1403638543377829632,1.55396,1.22229,0.59849,-0.17152,0.78311,0.25621,0.54008,
1403638543477829376,1.56617,1.30114,0.61044,-0.17379,0.78205,0.26061,0.53877,
1403638543577829632,1.57998,1.38335,0.61725,-0.17899,0.77904,0.27166,0.53597,
1403638543677829632,1.59147,1.46465,0.62094,-0.18607,0.77330,0.28932,0.53262,
1403638543777829376,1.60134,1.54354,0.62613,-0.19658,0.76512,0.31077,0.52855,
1403638543877829632,1.61262,1.62766,0.63791,-0.20830,0.75502,0.33322,0.52490,
1403638543977829376,1.62448,1.71416,0.65731,-0.22237,0.74651,0.35151,0.51934,
1403638544077829632,1.63562,1.80144,0.68071,-0.23719,0.74254,0.36273,0.51068,
1403638544177829632,1.64833,1.89294,0.70402,-0.24743,0.73948,0.36914,0.50566,
1403638544277829376,1.66160,1.98270,0.72055,-0.25421,0.73689,0.37250,0.50361,
1403638544477829376,1.69343,2.16543,0.73910,-0.25496,0.73676,0.37623,0.50063,
1403638544677829632,1.72936,2.35241,0.75900,-0.26194,0.72761,0.37468,0.51145,
1403638544977829376,1.78056,2.62680,0.80073,-0.26151,0.73085,0.37864,0.50409,
1403638545277829376,1.83171,2.89717,0.79699,-0.26215,0.72861,0.38130,0.50498,
1403638545477829376,1.86442,3.07092,0.77089,-0.26620,0.72586,0.38137,0.50677,
1403638545577829632,1.87825,3.15634,0.76104,-0.27049,0.72358,0.38814,0.50261,
1403638545677829632,1.89069,3.23940,0.75652,-0.27944,0.71794,0.39967,0.49673,
1403638545777829376,1.90421,3.32329,0.75873,-0.28832,0.71014,0.41615,0.48929,
1403638545877829632,1.91825,3.40858,0.76783,-0.29929,0.69942,0.43563,0.48112,
1403638545977829376,1.93339,3.49861,0.78287,-0.30906,0.68690,0.45754,0.47256,
1403638546077829632,1.94984,3.58787,0.80138,-0.31550,0.67491,0.47636,0.46694,
1403638546177829632,1.96560,3.67975,0.81520,-0.32312,0.66620,0.48865,0.46152,
1403638546277829376,1.98046,3.77239,0.82241,-0.32812,0.66145,0.49621,0.45673,
1403638546377829632,1.99400,3.86615,0.82347,-0.33442,0.65992,0.49835,0.45201,
1403638546577829632,2.02010,4.05562,0.81351,-0.33821,0.65749,0.50284,0.44775,
1403638546677829632,2.03130,4.15402,0.81455,-0.34189,0.65262,0.50870,0.44544,
1403638546777829376,2.04126,4.25382,0.82574,-0.34446,0.64800,0.51441,0.44366,
1403638546977829376,2.06123,4.46363,0.86233,-0.34380,0.64111,0.52372,0.44328,
1403638547177829632,2.07207,4.67731,0.87641,-0.33894,0.63653,0.53029,0.44581,
1403638547477829376,2.05892,4.99939,0.86473,-0.34494,0.63964,0.52587,0.44196,
1403638547677829632,2.03337,5.21326,0.83580,-0.34880,0.64422,0.52090,0.43816,
1403638547877829632,2.00331,5.43059,0.78955,-0.34335,0.64067,0.52354,0.44447,
1403638548077829632,1.96704,5.66646,0.75205,-0.34622,0.64014,0.52618,0.43988,
1403638548177829632,1.94580,5.79249,0.74595,-0.35069,0.63636,0.53156,0.43532,
1403638548277829376,1.92258,5.91963,0.74808,-0.35727,0.63000,0.54000,0.42879,
1403638548377829632,1.89796,6.04637,0.75990,-0.36496,0.62054,0.55141,0.42151,
1403638548477829376,1.87267,6.16956,0.77975,-0.37317,0.61089,0.56203,0.41434,
1403638548577829632,1.84822,6.29190,0.79805,-0.37976,0.60293,0.56993,0.40920,
1403638548677829632,1.82417,6.41755,0.81105,-0.38460,0.59742,0.57538,0.40511,
1403638548777829376,1.79939,6.54507,0.82122,-0.38732,0.59354,0.57937,0.40252,
1403638548977829376,1.74868,6.80337,0.85761,-0.39000,0.59033,0.58299,0.39941,
1403638549177829632,1.69595,7.05987,0.91774,-0.39169,0.59002,0.58248,0.39897,
1403638549377829632,1.64276,7.32427,0.99786,-0.39459,0.59244,0.57915,0.39737,
1403638549577829632,1.59039,7.59657,1.07157,-0.39770,0.59403,0.57527,0.39752,
1403638549777829376,1.54289,7.86692,1.13079,-0.39741,0.59374,0.57427,0.39969,
1403638549977829376,1.49702,8.14277,1.21062,-0.39608,0.59614,0.57445,0.39716,
1403638550177829632,1.45788,8.43459,1.32184,-0.39710,0.59701,0.57406,0.39541,
1403638550377829632,1.42446,8.73336,1.45826,-0.39659,0.59564,0.57530,0.39618,
1403638550477829376,1.41002,8.88567,1.51927,-0.39942,0.59626,0.57369,0.39474,
1403638550577829632,1.39799,9.03559,1.57272,-0.40335,0.59693,0.57131,0.39318,
1403638550677829632,1.39004,9.18112,1.62065,-0.40830,0.59534,0.56791,0.39541,
1403638550777829376,1.38592,9.32689,1.66408,-0.41127,0.59462,0.56572,0.39655,
1403638550877829632,1.38426,9.47210,1.70461,-0.41711,0.59092,0.56144,0.40202,
1403638550977829376,1.38483,9.61060,1.74140,-0.42272,0.58678,0.55694,0.40843,
1403638551077829632,1.38778,9.74568,1.77366,-0.42630,0.58435,0.55404,0.41212,
1403638551277829376,1.40696,9.99430,1.84835,-0.43129,0.58660,0.55011,0.40898,
1403638551477829376,1.44905,10.21378,1.92919,-0.41909,0.60692,0.53784,0.40835,
1403638551577829632,1.47872,10.32207,1.96421,-0.41281,0.62212,0.52155,0.41296,
1403638551677829632,1.51694,10.42809,1.99351,-0.40593,0.63919,0.50314,0.41654,
1403638551777829376,1.56408,10.52904,2.01800,-0.39672,0.65341,0.48468,0.42515,
1403638551877829632,1.61966,10.62332,2.03800,-0.38662,0.66405,0.46914,0.43529,
1403638551977829376,1.68259,10.70835,2.06089,-0.37475,0.66744,0.46149,0.44846,
1403638552077829632,1.75087,10.78434,2.09153,-0.36525,0.66896,0.45649,0.45903,
1403638552177829632,1.82179,10.85220,2.12720,-0.35940,0.67384,0.45340,0.45956,
1403638552377829632,1.97511,10.97065,2.20460,-0.35729,0.67882,0.44960,0.45761,
1403638552477829376,2.05671,11.01955,2.23931,-0.36461,0.67512,0.44412,0.46263,
1403638552577829632,2.14178,11.06182,2.26813,-0.37018,0.67139,0.44070,0.46689,
1403638552777829376,2.32287,11.12323,2.30466,-0.37013,0.66845,0.44420,0.46783,
1403638552977829376,2.51643,11.15227,2.32144,-0.36366,0.66469,0.45423,0.46863,
1403638553177829632,2.71449,11.15734,2.32196,-0.36543,0.65854,0.45833,0.47192,
1403638553277829376,2.81226,11.14900,2.32175,-0.37270,0.65278,0.45511,0.47734,
1403638553377829632,2.91084,11.13347,2.32652,-0.37433,0.64756,0.45598,0.48231,
1403638553477829376,3.00977,11.10897,2.33725,-0.37081,0.64211,0.45961,0.48883,
1403638553577829632,3.10841,11.07500,2.35445,-0.36779,0.63778,0.46272,0.49381,
1403638553777829376,3.28970,10.96474,2.40338,-0.36372,0.63731,0.46689,0.49351,
1403638553977829376,3.45423,10.82098,2.47257,-0.36073,0.64217,0.46885,0.48751,
1403638554177829632,3.61002,10.65672,2.53098,-0.35439,0.64834,0.47353,0.47940,
1403638554277829376,3.68661,10.57471,2.55453,-0.34648,0.65420,0.47941,0.47131,
1403638554377829632,3.75731,10.48951,2.57279,-0.34053,0.65746,0.48399,0.46641,
1403638554577829632,3.89561,10.31282,2.58694,-0.33899,0.65973,0.48583,0.46239,
1403638554877829632,4.07161,10.05494,2.64044,-0.35286,0.66280,0.47682,0.45698,
1403638555077829632,4.20549,9.89978,2.67806,-0.35172,0.66679,0.46931,0.45982,
1403638555177829632,4.27314,9.82366,2.69178,-0.34501,0.67294,0.46273,0.46260,
1403638555277829376,4.33620,9.74009,2.70084,-0.33893,0.67920,0.45470,0.46590,
1403638555377829632,4.42372,9.66138,2.70592,-0.33185,0.68242,0.44998,0.47084,
1403638555477829376,4.48377,9.57732,2.69806,-0.32608,0.68454,0.44689,0.47473,
1403638555577829632,4.55106,9.49545,2.69244,-0.32374,0.68588,0.44420,0.47691,
1403638555777829376,4.70075,9.31683,2.69340,-0.32211,0.68884,0.44268,0.47516,
1403638555977829376,4.83000,9.14667,2.73979,-0.32013,0.68758,0.44532,0.47586,
1403638556177829632,4.96246,8.99486,2.78781,-0.31761,0.69210,0.44721,0.46916,
1403638556377829632,5.10896,8.84184,2.81447,-0.31488,0.69753,0.44901,0.46119,
1403638556477829376,5.18555,8.77868,2.82635,-0.31236,0.70073,0.45024,0.45683,
1403638556677829632,5.33392,8.66049,2.85145,-0.31931,0.70626,0.44376,0.44979,
1403638556777829376,5.41853,8.61570,2.87225,-0.32583,0.70319,0.43893,0.45463,
1403638556877829632,5.50671,8.57140,2.89388,-0.33159,0.70175,0.43460,0.45685,
1403638556977829376,5.60080,8.52832,2.92277,-0.33507,0.70035,0.43197,0.45896,
1403638557077829632,5.69321,8.47690,2.94808,-0.33375,0.69889,0.43342,0.46078,
1403638557177829632,5.80434,8.43768,2.95942,-0.33221,0.69731,0.43499,0.46280,
1403638557277829376,5.91147,8.39676,2.96696,-0.33117,0.69624,0.43613,0.46408,
1403638557377829632,6.01978,8.34764,2.97170,-0.32870,0.69503,0.43831,0.46559,
1403638557477829376,6.13168,8.30345,2.97781,-0.32326,0.69200,0.44279,0.46965,
1403638557577829632,6.24752,8.25752,2.98981,-0.31881,0.68959,0.44599,0.47321,
1403638557677829632,6.35842,8.21419,3.00881,-0.31635,0.68840,0.44789,0.47478,
1403638557777829376,6.46557,8.17045,3.02909,-0.31639,0.68807,0.44757,0.47554,
1403638557877829632,6.57745,8.12915,3.04338,-0.31352,0.68802,0.44897,0.47619,
1403638557977829376,6.68090,8.08452,3.05586,-0.31076,0.68925,0.45059,0.47469,
1403638558077829632,6.78719,8.04404,3.06002,-0.30979,0.69297,0.45139,0.46912,
1403638558177829632,6.89282,8.00493,3.06151,-0.30688,0.69875,0.45293,0.46089,
1403638558277829376,6.99898,7.97343,3.06593,-0.30329,0.70286,0.45465,0.45530,
1403638558377829632,7.10369,7.94503,3.08515,-0.29850,0.70421,0.45737,0.45365,
1403638558477829376,7.21541,7.93049,3.10734,-0.29209,0.70789,0.46099,0.44840,
1403638558677829632,7.42972,7.91360,3.18140,-0.30150,0.71123,0.45317,0.44485,
1403638558777829376,7.53958,7.91795,3.21768,-0.30933,0.71097,0.44700,0.44612,
1403638558877829632,7.65888,7.93298,3.25000,-0.31193,0.70974,0.44480,0.44846,
1403638558977829376,7.77897,7.94849,3.27337,-0.31379,0.70497,0.44357,0.45585,
1403638559077829632,7.90023,7.96672,3.28956,-0.31447,0.70053,0.44339,0.46236,
1403638559177829632,8.02255,7.98826,3.29821,-0.31480,0.69713,0.44379,0.46687,
1403638559277829376,8.14528,8.01430,3.30156,-0.31277,0.69430,0.44614,0.47020,
1403638559377829632,8.26826,8.03416,3.29896,-0.30916,0.69202,0.44937,0.47287,
1403638559477829376,8.38724,8.05749,3.29199,-0.30708,0.68969,0.45155,0.47552,
1403638559677829632,8.61892,8.11033,3.26225,-0.30666,0.68649,0.45325,0.47880,
1403638559877829632,8.83586,8.17050,3.24177,-0.30833,0.68643,0.45318,0.47789,
1403638559977829376,8.94152,8.20404,3.23644,-0.30720,0.69001,0.44726,0.47903,
1403638560077829632,9.04286,8.23600,3.22662,-0.30178,0.69791,0.43442,0.48284,
1403638560177829632,9.14719,8.27175,3.20495,-0.29202,0.70763,0.41639,0.49051,
1403638560277829376,9.24940,8.30537,3.18043,-0.27971,0.71843,0.39525,0.49940,
1403638560377829632,9.34929,8.33829,3.15400,-0.26847,0.72625,0.37098,0.51269,
1403638560477829376,9.44536,8.36806,3.12394,-0.25576,0.73428,0.34583,0.52518,
1403638560577829632,9.53805,8.39458,3.08899,-0.24447,0.74350,0.31896,0.53451,
1403638560677829632,9.62650,8.41586,3.05083,-0.23477,0.75399,0.29096,0.54012,
1403638560777829376,9.71256,8.43195,3.01607,-0.22753,0.76277,0.26539,0.54403,
1403638560877829632,9.79673,8.44019,2.98929,-0.21682,0.76922,0.24262,0.54994,
1403638560977829376,9.87942,8.44134,2.96990,-0.20454,0.77350,0.22170,0.55742,
1403638561077829632,9.96032,8.43458,2.95954,-0.19232,0.77603,0.20183,0.56574,
1403638561177829632,10.03647,8.41882,2.95484,-0.18141,0.77739,0.18416,0.57344,
1403638561277829376,10.10690,8.39557,2.95744,-0.17453,0.77764,0.17078,0.57935,
1403638561377829632,10.17060,8.36371,2.96282,-0.16550,0.78220,0.16599,0.57725,
1403638561477829376,10.23007,8.32786,2.96605,-0.15203,0.78803,0.16967,0.57194,
1403638561577829632,10.29004,8.28503,2.95922,-0.14245,0.79145,0.17441,0.56824,
1403638561777829376,10.39832,8.19823,2.93218,-0.13781,0.79319,0.17961,0.56533,
1403638561977829376,10.49803,8.10615,2.88547,-0.13027,0.79350,0.17599,0.56782,
1403638562077829632,10.54361,8.05837,2.86218,-0.12302,0.79530,0.16729,0.56954,
1403638562177829632,10.58329,8.00876,2.84561,-0.11549,0.79714,0.15763,0.57130,
1403638562277829376,10.62216,7.96122,2.83407,-0.10913,0.79817,0.14948,0.57330,
1403638562377829632,10.65624,7.91302,2.82921,-0.10320,0.79907,0.13764,0.57611,
1403638562477829376,10.68541,7.86425,2.82811,-0.09528,0.80139,0.12165,0.57784,
1403638562577829632,10.71385,7.81563,2.83459,-0.08571,0.80371,0.10161,0.57998,
1403638562677829632,10.74008,7.76595,2.84507,-0.07699,0.80655,0.07750,0.58099,
1403638562777829376,10.76399,7.71396,2.85711,-0.06821,0.80815,0.05133,0.58276,
1403638562877829632,10.78305,7.65845,2.86441,-0.05470,0.80935,0.02670,0.58416,
1403638562977829376,10.79843,7.59944,2.86627,-0.04025,0.81008,0.00410,0.58493,
1403638563077829632,10.80761,7.53820,2.86346,-0.03122,0.80992,-0.01997,0.58536,
1403638563177829632,10.81291,7.47200,2.85574,-0.01943,0.80976,-0.03956,0.58510,
1403638563277829376,10.81295,7.40160,2.84356,-0.00798,0.80664,-0.05328,0.58858,
1403638563377829632,10.80816,7.32714,2.82726,-0.00149,0.79890,-0.06279,0.59817,
1403638563477829376,10.79896,7.24796,2.80553,-0.00039,0.79290,-0.06955,0.60537,
1403638563577829632,10.78259,7.16367,2.78322,0.00505,0.79354,-0.06908,0.60456,
1403638563777829376,10.73046,6.98185,2.75776,0.00205,0.79941,-0.06929,0.59677,
1403638564077829632,10.60787,6.67366,2.76581,-0.00915,0.79878,-0.06437,0.59810,
1403638564277829376,10.49838,6.44027,2.76028,-0.01017,0.79721,-0.05406,0.60118,
1403638564477829376,10.36446,6.19193,2.76975,-0.00960,0.79466,-0.04465,0.60533,
1403638564677829632,10.19935,5.93374,2.79472,-0.01737,0.79823,-0.04706,0.60026,
1403638564877829632,10.01167,5.65201,2.79722,-0.02334,0.79839,-0.05255,0.59938,
1403638564977829376,9.90999,5.50181,2.77863,-0.02520,0.79790,-0.05430,0.59981,
1403638565077829632,9.80242,5.34658,2.74291,-0.02639,0.79830,-0.05507,0.59915,
1403638565177829632,9.69216,5.18623,2.69234,-0.02683,0.79908,-0.05530,0.59808,
1403638565277829376,9.57904,5.02032,2.63539,-0.02516,0.80006,-0.05451,0.59691,
1403638565377829632,9.46313,4.84941,2.57521,-0.02240,0.80109,-0.05326,0.59575,
1403638565477829376,9.34425,4.67591,2.51505,-0.01937,0.80043,-0.05233,0.59682,
1403638565577829632,9.22268,4.49769,2.46107,-0.01272,0.79829,-0.05006,0.60005,
1403638565677829632,9.09721,4.31736,2.41494,-0.00090,0.79800,-0.04406,0.60104,
1403638565777829376,8.96724,4.13641,2.37596,0.00818,0.80067,-0.03966,0.59773,
1403638565877829632,8.83117,3.95793,2.34459,0.01545,0.80282,-0.03635,0.59491,
1403638565977829376,8.69131,3.78270,2.31667,0.01794,0.80462,-0.03693,0.59237,
1403638566077829632,8.54994,3.61105,2.28245,0.01949,0.80562,-0.03730,0.59093,
1403638566177829632,8.40762,3.44326,2.23933,0.01744,0.80579,-0.03871,0.59068,
1403638566277829376,8.26390,3.27786,2.18802,0.01800,0.80539,-0.03785,0.59126,
1403638566377829632,8.12050,3.11635,2.12833,0.01823,0.80638,-0.03679,0.58998,
1403638566477829376,7.97885,2.95940,2.06233,0.01488,0.80663,-0.03750,0.58968,
1403638566577829632,7.83747,2.80606,1.99081,0.01418,0.80976,-0.03571,0.58550,
1403638566677829632,7.69721,2.65734,1.91189,0.01341,0.81904,-0.03387,0.57258,
1403638566777829376,7.56223,2.51186,1.82851,0.01271,0.83069,-0.03201,0.55567,
1403638566877829632,7.43418,2.36914,1.74214,0.01108,0.83868,-0.03073,0.54364,
1403638566977829376,7.31293,2.22966,1.65333,0.01109,0.84256,-0.02785,0.53777,
1403638567077829632,7.20186,2.09220,1.56631,0.01074,0.83445,-0.02632,0.55035,
1403638567177829632,7.09501,1.95612,1.47685,0.01262,0.82207,-0.02415,0.56874,
1403638567277829376,6.99207,1.82352,1.38282,0.01561,0.81337,-0.02231,0.58110,
1403638567377829632,6.88756,1.69386,1.28382,0.01843,0.81142,-0.02163,0.58377,
1403638567477829376,6.78203,1.56841,1.18882,0.02030,0.81220,-0.02245,0.58259,
1403638567577829632,6.67319,1.44294,1.10073,0.02157,0.81569,-0.02402,0.57758,
1403638567677829632,6.56532,1.32164,1.02199,0.02486,0.81893,-0.02442,0.57283,
1403638567777829376,6.45977,1.20478,0.95289,0.02684,0.82218,-0.02487,0.56805,
1403638567877829632,6.36097,1.09510,0.89252,0.02604,0.82559,-0.02706,0.56302,
1403638567977829376,6.26901,0.99062,0.83944,0.02599,0.82651,-0.02802,0.56162,
1403638568077829632,6.18293,0.89106,0.79490,0.02901,0.82634,-0.02621,0.56182,
1403638568177829632,6.10114,0.79643,0.75863,0.03104,0.82561,-0.02490,0.56284,
1403638568377829632,5.94902,0.62297,0.70013,0.03221,0.82590,-0.02562,0.56231,
1403638568577829632,5.81112,0.46612,0.62726,0.03363,0.82808,-0.02490,0.55905,
1403638568677829632,5.74869,0.39617,0.58832,0.03492,0.82985,-0.02351,0.55639,
1403638568877829632,5.63952,0.27422,0.52213,0.03269,0.83050,-0.02526,0.55549,
1403638569077829632,5.54936,0.17265,0.49862,0.03613,0.82966,-0.02255,0.55664,
1403638569277829376,5.47212,0.08381,0.47518,0.03880,0.83165,-0.02150,0.55352,
1403638569677829632,5.38627,-0.02296,0.41554,0.03992,0.82773,-0.02141,0.55930,
1403638570277829376,5.36444,-0.01815,0.38693,0.02569,0.82326,-0.02952,0.56631,
1403638570477829376,5.37574,0.00224,0.35807,0.01517,0.82250,-0.05247,0.56613,
1403638570577829632,5.37828,0.00748,0.32893,0.00823,0.81985,-0.07965,0.56695,
1403638570677829632,5.38075,0.00540,0.29546,0.00915,0.81465,-0.10891,0.56956,
1403638570777829376,5.38257,-0.00692,0.25961,0.01649,0.80353,-0.13654,0.57915,
1403638570877829632,5.38021,-0.02967,0.22250,0.02917,0.79182,-0.16100,0.58843,
1403638570977829376,5.37040,-0.06310,0.18113,0.04468,0.78359,-0.18237,0.59222,
1403638571077829632,5.35145,-0.10651,0.13618,0.06156,0.78077,-0.20144,0.58825,
1403638571177829632,5.32408,-0.15883,0.09418,0.08295,0.78336,-0.21367,0.57776,
1403638571277829376,5.28715,-0.21750,0.06084,0.10313,0.78453,-0.22015,0.57045,
1403638571377829632,5.24556,-0.28182,0.03995,0.11572,0.78381,-0.22549,0.56692,
1403638571477829376,5.19748,-0.34914,0.02683,0.12162,0.78096,-0.23017,0.56774,
1403638571577829632,5.14839,-0.41894,0.01915,0.12846,0.77854,-0.23431,0.56786,
1403638571677829632,5.09403,-0.49197,0.00620,0.13461,0.77820,-0.24363,0.56297,
1403638571777829376,5.03643,-0.56837,-0.01225,0.14264,0.77758,-0.25700,0.55585,
1403638571877829632,4.97615,-0.64773,-0.03426,0.14997,0.77452,-0.27465,0.54973,
1403638571977829376,4.91402,-0.73062,-0.05362,0.15776,0.76838,-0.29458,0.54582,
1403638572077829632,4.84867,-0.81751,-0.06466,0.16695,0.76139,-0.31369,0.54223,
1403638572177829632,4.77914,-0.90821,-0.06639,0.18274,0.75448,-0.32876,0.53785,
1403638572277829376,4.70652,-1.00127,-0.06360,0.19692,0.75008,-0.34529,0.52856,
1403638572377829632,4.63241,-1.09746,-0.06343,0.21012,0.74513,-0.36355,0.51814,
1403638572477829376,4.55821,-1.19781,-0.06633,0.22413,0.74107,-0.37657,0.50870,
1403638572577829632,4.48577,-1.30076,-0.07079,0.23507,0.73719,-0.38517,0.50292,
1403638572677829632,4.41515,-1.40759,-0.07374,0.24095,0.73535,-0.39053,0.49868,
1403638572777829376,4.34735,-1.51851,-0.06917,0.24878,0.73671,-0.39027,0.49301,
1403638572877829632,4.28221,-1.63275,-0.05611,0.25237,0.73910,-0.38953,0.48818,
1403638572977829376,4.22207,-1.75094,-0.03872,0.25294,0.74124,-0.38844,0.48548,
1403638573177829632,4.11492,-1.99219,-0.01729,0.25039,0.74491,-0.38589,0.48322,
1403638573377829632,4.02704,-2.24487,-0.00392,0.24788,0.74712,-0.38292,0.48347,
1403638573477829376,3.98877,-2.37640,0.00530,0.25092,0.74723,-0.38298,0.48168,
1403638573577829632,3.95831,-2.51116,0.02346,0.25262,0.74714,-0.38322,0.48073,
1403638573677829632,3.93252,-2.64763,0.04962,0.25545,0.74750,-0.38375,0.47826,
1403638573777829376,3.91355,-2.78663,0.07935,0.26226,0.74391,-0.38711,0.47746,
1403638573877829632,3.90028,-2.92639,0.10837,0.27580,0.73364,-0.39268,0.48115,
1403638573977829376,3.89304,-3.06547,0.13161,0.28748,0.71822,-0.40622,0.48631,
1403638574077829632,3.88937,-3.20000,0.14727,0.29320,0.69794,-0.42784,0.49383,
1403638574177829632,3.88685,-3.33045,0.15650,0.29918,0.67574,-0.45194,0.49961,
1403638574277829376,3.87793,-3.45895,0.16185,0.30852,0.65711,-0.47420,0.49816,
1403638574377829632,3.86170,-3.58503,0.16302,0.32090,0.64385,-0.49405,0.48826,
1403638574477829376,3.83933,-3.70718,0.16175,0.33443,0.63226,-0.51204,0.47563,
1403638574577829632,3.81206,-3.82618,0.16367,0.34488,0.62163,-0.52615,0.46669,
1403638574677829632,3.78159,-3.94563,0.17307,0.35676,0.61531,-0.53319,0.45807,
1403638574777829376,3.74916,-4.06355,0.19028,0.36757,0.61519,-0.53564,0.44669,
1403638574877829632,3.71598,-4.17598,0.20962,0.36895,0.61730,-0.53994,0.43736,
1403638574977829376,3.68267,-4.28576,0.22423,0.36755,0.61974,-0.54310,0.43113,
1403638575177829632,3.61584,-4.50347,0.23531,0.35397,0.61589,-0.55163,0.43714,
1403638575377829632,3.53973,-4.72584,0.22898,0.34728,0.61806,-0.55236,0.43853,
1403638575477829376,3.49665,-4.84057,0.21891,0.34541,0.62359,-0.55060,0.43435,
1403638575577829632,3.45159,-4.95941,0.20946,0.34450,0.62867,-0.54800,0.43102,
1403638575677829632,3.40482,-5.08285,0.20687,0.34797,0.63506,-0.54265,0.42561,
1403638575777829376,3.35769,-5.20784,0.21192,0.34901,0.64163,-0.53952,0.41884,
1403638575877829632,3.31358,-5.33463,0.22733,0.34898,0.64586,-0.53734,0.41514,
1403638575977829376,3.27348,-5.46857,0.25213,0.34846,0.64623,-0.53653,0.41604,
1403638576077829632,3.23591,-5.60869,0.28404,0.34908,0.64688,-0.53508,0.41639,
1403638576177829632,3.20208,-5.75262,0.32124,0.34987,0.64533,-0.53465,0.41868,
1403638576277829376,3.17131,-5.90085,0.35482,0.35388,0.64588,-0.53207,0.41774,
1403638576377829632,3.14484,-6.05273,0.38311,0.35848,0.64742,-0.52907,0.41523,
1403638576477829376,3.12350,-6.20734,0.40499,0.36235,0.65001,-0.52654,0.41103,
1403638576577829632,3.10788,-6.36448,0.42170,0.36695,0.65409,-0.52356,0.40422,
1403638576677829632,3.09976,-6.52508,0.43392,0.37009,0.65558,-0.52132,0.40185,
1403638576777829376,3.10007,-6.68853,0.44267,0.37491,0.65322,-0.51761,0.40599,
1403638576877829632,3.10772,-6.85299,0.44660,0.37751,0.64825,-0.51586,0.41370,
1403638576977829376,3.12300,-7.01607,0.44571,0.37542,0.64190,-0.51768,0.42311,
1403638577077829632,3.14364,-7.17667,0.44424,0.37107,0.63815,-0.52109,0.42840,
1403638577177829632,3.16771,-7.33420,0.44962,0.36818,0.63539,-0.52322,0.43239,
1403638577277829376,3.19443,-7.49100,0.46149,0.36853,0.63594,-0.52293,0.43163,
1403638577377829632,3.22374,-7.64724,0.48191,0.37519,0.64015,-0.51797,0.42561,
1403638577477829376,3.25675,-7.80182,0.50718,0.37954,0.64262,-0.51465,0.42204,
1403638577577829632,3.29609,-7.95444,0.52975,0.37659,0.64263,-0.51641,0.42252,
1403638577777829376,3.38762,-8.25028,0.55541,0.37045,0.64116,-0.52008,0.42567,
1403638577977829376,3.49369,-8.54003,0.55931,0.37091,0.64192,-0.51838,0.42621,
1403638578077829632,3.55294,-8.68145,0.56512,0.36989,0.64110,-0.51835,0.42836,
1403638578177829632,3.61574,-8.82262,0.57854,0.36524,0.63813,-0.52079,0.43378,
1403638578277829376,3.68044,-8.96502,0.59820,0.35670,0.63332,-0.52635,0.44117,
1403638578377829632,3.74389,-9.10630,0.61726,0.35463,0.63099,-0.52798,0.44421,
1403638578577829632,3.86459,-9.38474,0.63780,0.35476,0.63008,-0.52905,0.44412,
1403638578777829376,3.97742,-9.65612,0.64209,0.36257,0.63249,-0.52447,0.43981,
1403638578977829376,4.09126,-9.91654,0.63578,0.37019,0.63662,-0.51868,0.43433,
1403638579177829632,4.21432,-10.17136,0.65255,0.37117,0.63739,-0.51674,0.43468,
1403638579377829632,4.34721,-10.41309,0.69196,0.36323,0.63328,-0.52153,0.44162,
1403638579477829376,4.41332,-10.52690,0.70643,0.35751,0.62902,-0.52541,0.44773,
1403638579577829632,4.47871,-10.64150,0.71558,0.35622,0.62653,-0.52269,0.45538,
1403638579677829632,4.54258,-10.75586,0.72083,0.35823,0.62715,-0.51053,0.46659,
1403638579777829376,4.60477,-10.86566,0.72011,0.35653,0.63764,-0.49148,0.47408,
1403638579877829632,4.66533,-10.96895,0.71282,0.34579,0.65766,-0.47020,0.47626,
1403638579977829376,4.72677,-11.06753,0.70082,0.32859,0.67770,-0.44509,0.48440,
1403638580077829632,4.79022,-11.16112,0.68648,0.31404,0.69214,-0.41063,0.50369,
1403638580177829632,4.85049,-11.24155,0.66930,0.29401,0.70632,-0.37371,0.52442,
1403638580277829376,4.91033,-11.31493,0.64638,0.26756,0.72320,-0.33892,0.53901,
1403638580377829632,4.96542,-11.38009,0.61735,0.23722,0.73934,-0.31261,0.54715,
1403638580477829376,5.01541,-11.44179,0.58499,0.21104,0.75092,-0.29614,0.55126,
1403638580577829632,5.06171,-11.50198,0.55146,0.19349,0.75819,-0.28282,0.55473,
1403638580677829632,5.10389,-11.55974,0.51770,0.17812,0.76826,-0.26818,0.55329,
1403638580777829376,5.14375,-11.61740,0.49088,0.16777,0.77836,-0.25319,0.54945,
1403638580877829632,5.18073,-11.67379,0.47358,0.16306,0.78528,-0.24236,0.54590,
1403638581177829632,5.27927,-11.82491,0.47968,0.15857,0.78769,-0.23541,0.54679,
1403638581377829632,5.33804,-11.91212,0.50792,0.16605,0.78654,-0.23630,0.54585,
1403638581577829632,5.38837,-11.97418,0.55540,0.17214,0.78381,-0.24015,0.54620,
1403638581677829632,5.40939,-11.99129,0.58779,0.17758,0.77958,-0.24033,0.55042,
1403638581877829632,5.46496,-12.04546,0.61615,0.18261,0.77301,-0.24193,0.55730,
1403638581977829376,5.49480,-12.07202,0.62442,0.18654,0.76545,-0.24042,0.56701,
1403638582177829632,5.54690,-12.11478,0.64099,0.18122,0.77465,-0.24539,0.55395,
1403638582477829376,5.62334,-12.15551,0.74112,0.18628,0.77323,-0.24159,0.55592,
1403638583177829632,5.77264,-12.10856,1.17354,0.18376,0.78287,-0.24715,0.54062,
1403638583677829632,5.91144,-12.01108,1.37932,0.18498,0.78411,-0.24676,0.53858,
1403638583977829376,6.01520,-11.91992,1.48527,0.18597,0.78296,-0.24603,0.54024,
1403638584177829632,6.08852,-11.85837,1.52467,0.19291,0.77061,-0.24035,0.55784,
1403638584277829376,6.12045,-11.82304,1.52310,0.19501,0.76157,-0.23801,0.57037,
1403638584577829632,6.17813,-11.66026,1.51802,0.19696,0.75892,-0.23613,0.57401,
1403638584777829376,6.18912,-11.52082,1.52536,0.19093,0.76754,-0.23964,0.56303,
1403638584877829632,6.17841,-11.44462,1.51879,0.18445,0.77517,-0.24413,0.55270,
1403638585077829632,6.17563,-11.28507,1.53103,0.18211,0.78000,-0.24665,0.54553,
1403638585277829376,6.16718,-11.13081,1.51101,0.18061,0.77797,-0.24735,0.54860,
1403638585477829376,6.16055,-10.97733,1.49046,0.18082,0.77615,-0.24669,0.55139,
1403638585677829632,6.16123,-10.81942,1.49122,0.17976,0.78055,-0.24669,0.54551,
1403638585777829376,6.15643,-10.73947,1.50482,0.17650,0.78553,-0.24867,0.53847,
1403638585877829632,6.15865,-10.66100,1.52901,0.17391,0.78937,-0.25053,0.53281,
1403638586077829632,6.17872,-10.50822,1.59359,0.17404,0.78514,-0.25187,0.53836,
1403638586277829376,6.20226,-10.35736,1.64228,0.17812,0.77970,-0.25022,0.54565,
1403638586477829376,6.22139,-10.20173,1.66861,0.19197,0.77487,-0.24163,0.55167,
1403638586677829632,6.23816,-10.03746,1.67106,0.19131,0.77497,-0.24257,0.55135,
1403638586877829632,6.25354,-9.86855,1.65007,0.18495,0.77350,-0.24613,0.55399,
1403638587077829632,6.26481,-9.69217,1.61246,0.18438,0.77303,-0.24634,0.55475,
1403638587277829376,6.27388,-9.51075,1.58851,0.18314,0.77591,-0.24640,0.55110,
1403638587477829376,6.28354,-9.32182,1.58979,0.18073,0.77759,-0.24850,0.54858,
1403638587677829632,6.29485,-9.13354,1.58095,0.17973,0.77722,-0.25000,0.54874,
1403638587877829632,6.30648,-8.94765,1.55353,0.17882,0.77648,-0.25125,0.54952,
1403638588077829632,6.31668,-8.76855,1.50765,0.17963,0.77566,-0.25054,0.55074,
1403638588277829376,6.32464,-8.58979,1.45273,0.18898,0.77730,-0.24363,0.54840,
1403638588477829376,6.33609,-8.40033,1.41857,0.18785,0.77762,-0.24391,0.54821,
1403638588677829632,6.34479,-8.20124,1.41813,0.18303,0.77617,-0.24683,0.55058,
1403638588877829632,6.34923,-8.00123,1.43464,0.17894,0.77416,-0.25046,0.55310,
1403638589077829632,6.35028,-7.79895,1.42574,0.17968,0.77434,-0.25104,0.55235,
1403638589277829376,6.34773,-7.59300,1.39470,0.18099,0.77309,-0.25049,0.55392,
1403638589477829376,6.34003,-7.38822,1.36289,0.18079,0.77376,-0.25088,0.55287,
1403638589677829632,6.32808,-7.18688,1.35676,0.17961,0.77434,-0.25125,0.55228,
1403638589877829632,6.31354,-6.98804,1.37366,0.17991,0.77645,-0.25259,0.54860,
1403638590077829632,6.29801,-6.79130,1.37344,0.17981,0.77645,-0.25385,0.54805,
1403638590277829376,6.28026,-6.59593,1.35531,0.18004,0.77467,-0.25473,0.55008,
1403638590477829376,6.26035,-6.40115,1.32013,0.18027,0.77560,-0.25538,0.54839,
1403638590677829632,6.23971,-6.20784,1.29193,0.17732,0.77841,-0.25704,0.54457,
1403638590877829632,6.21880,-6.01865,1.29565,0.17672,0.78009,-0.25744,0.54218,
1403638591077829632,6.20146,-5.83085,1.32207,0.17407,0.78158,-0.25975,0.53978,
1403638591177829632,6.19133,-5.74047,1.33110,0.17315,0.78580,-0.26088,0.53337,
1403638591277829376,6.18367,-5.65511,1.33360,0.17062,0.79169,-0.26301,0.52435,
1403638591377829632,6.18055,-5.57431,1.33173,0.16730,0.79602,-0.26550,0.51756,
1403638591477829376,6.18333,-5.50093,1.32517,0.16456,0.79881,-0.26756,0.51306,
1403638591577829632,6.19237,-5.43576,1.31266,0.16176,0.80160,-0.26981,0.50840,
1403638591877829632,6.26466,-5.29483,1.26586,0.16279,0.79785,-0.26893,0.51440,
1403638592077829632,6.34012,-5.24542,1.26034,0.16364,0.79276,-0.26701,0.52294,
1403638592177829632,6.38468,-5.23097,1.27114,0.16148,0.78998,-0.26504,0.52878,
1403638592277829376,6.43232,-5.21707,1.29494,0.15639,0.78448,-0.25973,0.54099,
1403638592377829632,6.48033,-5.20510,1.32561,0.14737,0.78188,-0.25086,0.55137,
1403638592477829376,6.52564,-5.19755,1.36338,0.13553,0.78433,-0.23695,0.55705,
1403638592577829632,6.56707,-5.19455,1.40696,0.12768,0.79166,-0.22265,0.55444,
1403638592677829632,6.60588,-5.19526,1.45668,0.12106,0.79907,-0.21130,0.54971,
1403638592777829376,6.64385,-5.19961,1.50542,0.11589,0.80610,-0.20366,0.54341,
1403638592977829376,6.72544,-5.21730,1.58640,0.11109,0.81363,-0.19529,0.53622,
1403638593177829632,6.82064,-5.25138,1.65364,0.11017,0.81268,-0.19300,0.53867,
1403638593277829376,6.87301,-5.27523,1.69508,0.11694,0.80937,-0.18919,0.54355,
1403638593377829632,6.92808,-5.30152,1.74120,0.12590,0.80599,-0.18402,0.54833,
1403638593477829376,6.98411,-5.32765,1.78528,0.13405,0.80139,-0.18003,0.55443,
1403638593577829632,7.04118,-5.35072,1.82234,0.13862,0.79856,-0.17871,0.55781,
1403638593777829376,7.15655,-5.38608,1.87464,0.14257,0.79404,-0.17868,0.56325,
1403638593877829632,7.21325,-5.39725,1.90027,0.13826,0.78362,-0.17878,0.57868,
1403638593977829376,7.26456,-5.40399,1.92923,0.13165,0.78023,-0.17565,0.58570,
1403638594077829632,7.31023,-5.40769,1.96165,0.12337,0.78583,-0.17359,0.58062,
1403638594277829376,7.38386,-5.40589,2.03104,0.12170,0.79434,-0.16425,0.57205,
1403638594477829376,7.44253,-5.39394,2.09766,0.12793,0.79202,-0.15393,0.57675,
1403638594677829632,7.48215,-5.36370,2.18487,0.11678,0.79285,-0.15908,0.57658,
1403638595177829632,7.53436,-5.26249,2.33542,0.11321,0.79705,-0.16639,0.56939,
1403638595877829632,7.53675,-5.09314,2.36944,0.12208,0.79962,-0.16216,0.56516,
1403638596177829632,7.52475,-4.99995,2.32354,0.14336,0.80146,-0.14802,0.56142,
1403638596377829632,7.51879,-4.91035,2.30586,0.16443,0.80334,-0.13176,0.55699,
1403638596577829632,7.52676,-4.77614,2.32209,0.17680,0.80377,-0.12150,0.55492,
1403638596777829376,7.55497,-4.58552,2.37111,0.18833,0.80415,-0.11218,0.55252,
1403638596977829376,7.60129,-4.32784,2.44316,0.19368,0.80223,-0.10835,0.55424,
1403638597077829632,7.63088,-4.17746,2.47630,0.19648,0.80134,-0.10728,0.55474,
1403638597177829632,7.66441,-4.01058,2.50235,0.19880,0.79952,-0.10699,0.55660,
1403638597277829376,7.70257,-3.82822,2.52110,0.19634,0.79688,-0.10998,0.56066,
1403638597377829632,7.74339,-3.62981,2.53583,0.19160,0.79518,-0.11495,0.56370,
1403638597477829376,7.78486,-3.41748,2.54530,0.18295,0.79198,-0.12196,0.56959,
1403638597577829632,7.82574,-3.19309,2.54959,0.17018,0.78742,-0.13143,0.57770,
1403638597677829632,7.86410,-2.96014,2.54949,0.16577,0.78512,-0.13546,0.58116,
1403638597777829376,7.89960,-2.72068,2.54410,0.16996,0.78690,-0.13032,0.57872,
1403638597877829632,7.93285,-2.47250,2.53453,0.17416,0.78948,-0.11894,0.57640,
1403638597977829376,7.96378,-2.21455,2.52204,0.17529,0.79111,-0.10974,0.57565,
1403638598077829632,7.99632,-1.94518,2.51413,0.16845,0.79134,-0.10720,0.57785,
1403638598177829632,8.02630,-1.66445,2.51280,0.14682,0.79293,-0.11638,0.57980,
1403638598277829376,8.05338,-1.37769,2.51543,0.12938,0.79491,-0.12480,0.57948,
1403638598377829632,8.07910,-1.09031,2.51555,0.11847,0.79678,-0.13008,0.57809,
1403638598477829376,8.10296,-0.80457,2.50953,0.11423,0.79912,-0.13185,0.57531,
1403638598577829632,8.12467,-0.52004,2.49670,0.10927,0.80115,-0.12982,0.57391,
1403638598677829632,8.14475,-0.23786,2.47739,0.10486,0.80349,-0.12122,0.57334,
1403638598777829376,8.16327,0.04151,2.45895,0.09635,0.80572,-0.11031,0.57390,
1403638598877829632,8.17934,0.31827,2.44674,0.08702,0.80678,-0.09580,0.57650,
1403638598977829376,8.19171,0.59211,2.43729,0.07702,0.80929,-0.07934,0.57691,
1403638599077829632,8.20306,0.86421,2.43299,0.06486,0.81074,-0.06259,0.57843,
1403638599177829632,8.21124,1.13456,2.43488,0.05277,0.81208,-0.04484,0.57942,
1403638599277829376,8.21663,1.40350,2.44163,0.04176,0.81405,-0.02573,0.57871,
1403638599377829632,8.21958,1.67163,2.45655,0.02927,0.81726,-0.00836,0.57547,
1403638599477829376,8.22022,1.93912,2.47656,0.02025,0.81937,0.00504,0.57289,
1403638599577829632,8.22078,2.20571,2.49408,0.01483,0.82164,0.01359,0.56965,
1403638599677829632,8.22016,2.47077,2.50294,0.01127,0.82307,0.01823,0.56753,
1403638599777829376,8.22167,2.73382,2.50427,0.01008,0.82319,0.01932,0.56735,
1403638599877829632,8.22672,2.99480,2.49848,0.00821,0.82451,0.01691,0.56554,
1403638599977829376,8.23446,3.25433,2.48787,0.00450,0.82473,0.01132,0.56539,
1403638600077829632,8.24648,3.51073,2.47363,-0.00184,0.82591,0.00354,0.56379,
1403638600177829632,8.26174,3.76251,2.45560,-0.01382,0.82768,-0.00822,0.56098,
1403638600277829376,8.27829,4.00702,2.43302,-0.02369,0.82981,-0.01889,0.55722,
1403638600377829632,8.29876,4.24073,2.41031,-0.03121,0.83125,-0.02748,0.55434,
1403638600477829376,8.32376,4.46037,2.39280,-0.03739,0.83244,-0.03391,0.55181,
1403638600577829632,8.35360,4.66475,2.38614,-0.03533,0.83301,-0.03452,0.55106,
1403638600677829632,8.38650,4.85465,2.38701,-0.03817,0.83448,-0.03749,0.54843,
1403638600777829376,8.42731,5.02633,2.39529,-0.03794,0.83824,-0.03722,0.54271,
1403638600877829632,8.47400,5.18434,2.40832,-0.02703,0.84204,-0.02832,0.53800,
1403638600977829376,8.52646,5.33049,2.41968,-0.01034,0.84412,-0.01472,0.53585,
1403638601077829632,8.58734,5.46851,2.42596,-0.00127,0.84454,-0.00662,0.53546,
1403638601177829632,8.65585,5.60333,2.42666,0.00659,0.84317,-0.00016,0.53761,
1403638601277829376,8.73084,5.73531,2.42399,0.01588,0.83675,0.00743,0.54730,
1403638601377829632,8.81067,5.87094,2.41924,0.01306,0.83168,0.01130,0.55499,
1403638601477829376,8.89423,6.00912,2.42004,-0.00004,0.82725,0.01595,0.56161,
1403638601577829632,8.97892,6.14707,2.42720,-0.01092,0.82240,0.03023,0.56800,
1403638601677829632,9.06397,6.28395,2.43987,-0.02217,0.81975,0.05035,0.57007,
1403638601777829376,9.14749,6.41940,2.45995,-0.03485,0.81678,0.07588,0.57088,
1403638601877829632,9.22773,6.55785,2.48773,-0.04874,0.81166,0.10497,0.57255,
1403638601977829376,9.30468,6.69778,2.51633,-0.06356,0.80842,0.12840,0.57090,
1403638602077829632,9.37949,6.83775,2.53923,-0.07506,0.80671,0.14538,0.56784,
1403638602177829632,9.45175,6.97787,2.55655,-0.08101,0.80196,0.16104,0.56953,
1403638602277829376,9.52000,7.12130,2.56857,-0.08864,0.79489,0.17848,0.57309,
1403638602377829632,9.58267,7.26832,2.58056,-0.11117,0.78381,0.19096,0.58036,
1403638602477829376,9.63701,7.41657,2.60287,-0.14615,0.76179,0.19725,0.59951,
1403638602577829632,9.68157,7.55569,2.63045,-0.18141,0.74017,0.20207,0.61515,
1403638602677829632,9.70708,7.68459,2.66752,-0.20205,0.72986,0.21540,0.61651,
1403638602777829376,9.71657,7.79332,2.70765,-0.21299,0.72546,0.23499,0.61083,
1403638602877829632,9.71125,7.88694,2.75207,-0.22395,0.72206,0.25456,0.60305,
1403638602977829376,9.69167,7.96641,2.79817,-0.24337,0.72222,0.26984,0.58852,
1403638603077829632,9.66294,8.03294,2.84183,-0.26201,0.71726,0.28441,0.57966,
1403638603177829632,9.62908,8.08750,2.87942,-0.27401,0.71000,0.29861,0.57590,
1403638603277829376,9.58902,8.12804,2.90540,-0.27201,0.71742,0.31565,0.55829,
1403638603377829632,9.54391,8.15602,2.92299,-0.26499,0.73021,0.32993,0.53639,
1403638603477829376,9.49685,8.17968,2.93604,-0.26117,0.73872,0.33681,0.52215,
1403638603677829632,9.40389,8.21581,2.94965,-0.26438,0.72891,0.34324,0.53007,
1403638603777829376,9.35508,8.22659,2.94598,-0.25794,0.72030,0.34931,0.54094,
1403638603977829376,9.24059,8.23261,2.92166,-0.24640,0.70578,0.35711,0.56003,
1403638604177829632,9.09357,8.22844,2.88430,-0.23940,0.70165,0.36074,0.56589,
1403638604277829376,9.00290,8.22274,2.87872,-0.24575,0.70569,0.35697,0.56052,
1403638604377829632,8.90243,8.21095,2.87848,-0.25123,0.71335,0.35398,0.55019,
1403638604477829376,8.79565,8.19488,2.88441,-0.24909,0.72117,0.35568,0.53977,
1403638604577829632,8.68609,8.17650,2.89457,-0.24717,0.72575,0.35708,0.53356,
1403638604677829632,8.57467,8.15612,2.89945,-0.24990,0.72895,0.35559,0.52891,
1403638604777829376,8.46415,8.13136,2.89880,-0.25408,0.73091,0.35298,0.52595,
1403638604877829632,8.35178,8.11035,2.89894,-0.25514,0.73410,0.35234,0.52141,
1403638604977829376,8.24067,8.08382,2.90212,-0.25263,0.74008,0.35407,0.51292,
1403638605077829632,8.13063,8.05625,2.91310,-0.24996,0.74651,0.35597,0.50351,
1403638605177829632,8.02705,8.03504,2.93270,-0.24732,0.75048,0.35791,0.49751,
1403638605377829632,7.82941,8.00089,2.96676,-0.23723,0.74664,0.36479,0.50316,
1403638605477829376,7.73526,7.99223,2.97643,-0.22997,0.73657,0.37024,0.51721,
1403638605577829632,7.63971,7.98271,2.98447,-0.22440,0.72822,0.37443,0.52834,
1403638605777829376,7.44013,7.99336,2.98376,-0.21831,0.72153,0.37881,0.53688,
1403638605977829376,7.21820,8.01781,3.01779,-0.21143,0.72076,0.38236,0.53815,
1403638606177829632,6.97027,8.07128,3.04254,-0.20537,0.72069,0.38466,0.53895,
1403638606277829376,6.83451,8.10449,3.04410,-0.20330,0.72186,0.38511,0.53784,
1403638606377829632,6.68751,8.14156,3.03970,-0.20886,0.73036,0.38043,0.52747,
1403638606477829376,6.54113,8.18927,3.02540,-0.21698,0.74058,0.37389,0.51446,
1403638606577829632,6.39467,8.24145,3.00788,-0.22391,0.74915,0.36931,0.50225,
1403638606677829632,6.25446,8.29682,2.98458,-0.22936,0.75227,0.37144,0.49347,
1403638606777829376,6.11541,8.35629,2.95756,-0.23420,0.75211,0.38065,0.48434,
1403638606877829632,5.98254,8.43141,2.92744,-0.24280,0.74837,0.39332,0.47570,
1403638606977829376,5.86592,8.51594,2.89980,-0.25381,0.74100,0.40884,0.46834,
1403638607077829632,5.74097,8.59520,2.88863,-0.26783,0.73219,0.42317,0.46162,
1403638607177829632,5.63129,8.69022,2.87937,-0.28426,0.72245,0.43011,0.46072,
1403638607277829376,5.52495,8.78790,2.87930,-0.29809,0.70891,0.43439,0.46893,
1403638607377829632,5.42616,8.88666,2.86176,-0.31084,0.70047,0.43437,0.47333,
1403638607477829376,5.33043,8.98021,2.84507,-0.31667,0.69739,0.43551,0.47297,
1403638607577829632,5.24210,9.07415,2.81410,-0.31861,0.69638,0.43684,0.47192,
1403638607677829632,5.14642,9.17172,2.78408,-0.32020,0.69472,0.43682,0.47331,
1403638607877829632,4.97508,9.35536,2.71315,-0.31979,0.69553,0.43516,0.47392,
1403638607977829376,4.90855,9.43794,2.66229,-0.32191,0.70001,0.43179,0.46896,
1403638608177829632,4.77499,9.60764,2.56128,-0.31888,0.69575,0.42961,0.47925,
1403638608377829632,4.65855,9.75976,2.44814,-0.31798,0.68542,0.42768,0.49618,
1403638608577829632,4.53265,9.89342,2.30871,-0.31623,0.68689,0.42794,0.49502,
1403638608777829376,4.43003,10.00931,2.17367,-0.32218,0.68433,0.42365,0.49841,
1403638608877829632,4.37718,10.05713,2.10961,-0.32086,0.68775,0.42500,0.49338,
1403638608977829376,4.30696,10.09757,2.06258,-0.31990,0.69183,0.42591,0.48748,
1403638609077829632,4.25950,10.13522,2.01796,-0.31929,0.69455,0.42646,0.48351,
1403638609277829376,4.14999,10.19732,1.94127,-0.32914,0.69517,0.41934,0.48225,
1403638609477829376,4.05825,10.24741,1.84360,-0.32437,0.69543,0.42200,0.48277,
1403638609677829632,3.98533,10.27336,1.71804,-0.31892,0.69441,0.42551,0.48479,
1403638609877829632,3.91301,10.29975,1.60155,-0.31823,0.69471,0.42599,0.48439,
1403638610377829632,3.80084,10.29079,1.37554,-0.32702,0.68729,0.41909,0.49504,
1403638610877829632,3.68432,10.14522,1.09744,-0.32815,0.68710,0.41972,0.49401,
1403638611177829632,3.63204,9.99662,0.97576,-0.33328,0.68368,0.41835,0.49648,
1403638611377829632,3.59436,9.86601,0.88284,-0.32633,0.68092,0.42367,0.50035,
1403638611477829376,3.57459,9.78947,0.84461,-0.31413,0.67664,0.43154,0.50720,
1403638611577829632,3.55092,9.70844,0.81389,-0.30532,0.67622,0.43671,0.50871,
1403638611777829376,3.49298,9.54428,0.76771,-0.30934,0.68441,0.43285,0.49853,
1403638611877829632,3.46010,9.45985,0.73893,-0.31453,0.69005,0.42843,0.49127,
1403638612077829632,3.39633,9.29429,0.67224,-0.31660,0.69539,0.42555,0.48487,
1403638612277829376,3.34110,9.12761,0.63005,-0.31853,0.69663,0.42330,0.48380,
1403638612577829632,3.27487,8.87402,0.58263,-0.31332,0.69284,0.42367,0.49225,
1403638612777829376,3.23118,8.70111,0.51810,-0.30462,0.69002,0.42586,0.49973,
1403638613077829632,3.14650,8.43771,0.43201,-0.30627,0.69234,0.42024,0.50027,
1403638613277829376,3.07932,8.25775,0.40978,-0.30497,0.69523,0.42014,0.49712,
1403638613577829632,2.97026,7.98997,0.39701,-0.30407,0.69556,0.41518,0.50137,
1403638613777829376,2.89256,7.81016,0.35968,-0.31173,0.69500,0.40076,0.50911,
1403638613877829632,2.85266,7.71344,0.33060,-0.30867,0.69720,0.39268,0.51423,
1403638613977829376,2.81349,7.61372,0.29691,-0.30096,0.70327,0.38276,0.51800,
1403638614077829632,2.77263,7.50818,0.25941,-0.28899,0.71138,0.37089,0.52236,
1403638614177829632,2.73092,7.39808,0.22095,-0.27432,0.72168,0.35794,0.52517,
1403638614277829376,2.68740,7.28516,0.18847,-0.26334,0.73063,0.34440,0.52747,
1403638614377829632,2.64255,7.17465,0.16224,-0.25469,0.73738,0.33488,0.52845,
1403638614477829376,2.59605,7.06347,0.14497,-0.25117,0.74215,0.32588,0.52908,
1403638614577829632,2.55045,6.95197,0.13719,-0.24724,0.74668,0.31749,0.52967,
1403638614677829632,2.50844,6.84263,0.13772,-0.24416,0.75195,0.30545,0.53071,
1403638614777829376,2.47070,6.73470,0.14970,-0.24228,0.76194,0.28887,0.52659,
1403638614877829632,2.43561,6.62567,0.17056,-0.23461,0.77321,0.27129,0.52299,
1403638614977829376,2.40864,6.51664,0.19894,-0.22143,0.78256,0.25217,0.52438,
1403638615077829632,2.38827,6.40462,0.23124,-0.20332,0.79006,0.23140,0.53002,
1403638615177829632,2.37319,6.28879,0.26758,-0.18187,0.79360,0.20926,0.54160,
1403638615277829376,2.36141,6.17014,0.30763,-0.15683,0.79604,0.18783,0.55358,
1403638615377829632,2.35057,6.05007,0.34335,-0.13551,0.79975,0.16244,0.56182,
1403638615477829376,2.33894,5.92839,0.37250,-0.11526,0.80286,0.13654,0.56876,
1403638615577829632,2.32594,5.80597,0.39497,-0.09819,0.80621,0.11220,0.57254,
1403638615677829632,2.31202,5.68595,0.41460,-0.08494,0.80833,0.09488,0.57480,
1403638615777829376,2.29634,5.56783,0.43930,-0.07721,0.80962,0.08238,0.57599,
1403638615877829632,2.27945,5.45017,0.47102,-0.07204,0.81087,0.07060,0.57647,
1403638615977829376,2.26248,5.33235,0.50046,-0.06489,0.81245,0.05873,0.57643,
1403638616077829632,2.24318,5.21382,0.52303,-0.05598,0.81307,0.04646,0.57760,
1403638616177829632,2.22282,5.09592,0.53411,-0.04614,0.81428,0.03234,0.57773,
1403638616277829376,2.20080,4.97611,0.52841,-0.03546,0.81527,0.01411,0.57782,
1403638616377829632,2.17827,4.85411,0.50769,-0.02220,0.81596,-0.00520,0.57766,
1403638616477829376,2.15528,4.73278,0.47858,-0.01162,0.81645,-0.02313,0.57683,
1403638616577829632,2.13278,4.61129,0.44617,-0.00229,0.81812,-0.03563,0.57393,
1403638616677829632,2.11064,4.48971,0.41100,0.00350,0.82276,-0.04528,0.56657,
1403638616777829376,2.09144,4.36925,0.37104,0.00044,0.83123,-0.05554,0.55315,
1403638616877829632,2.07695,4.24616,0.33134,-0.00349,0.83696,-0.06228,0.54370,
1403638616977829376,2.06940,4.11844,0.29952,0.00167,0.83520,-0.05989,0.54668,
1403638617077829632,2.06912,3.98594,0.27684,0.00721,0.83158,-0.05481,0.55265,
1403638617177829632,2.07352,3.85200,0.26226,0.01315,0.82876,-0.04788,0.55740,
1403638617277829376,2.08120,3.71723,0.25297,0.01471,0.83117,-0.04315,0.55415,
1403638617377829632,2.09420,3.58561,0.24996,0.01437,0.83524,-0.04028,0.54822,
1403638617477829376,2.11231,3.45684,0.25536,0.01410,0.83803,-0.03709,0.54419,
1403638617677829632,2.16800,3.21161,0.29109,0.01522,0.83746,-0.03032,0.54545,
1403638617777829376,2.20663,3.09498,0.32187,0.01550,0.83587,-0.02765,0.54801,
1403638617877829632,2.25066,2.98147,0.35873,0.01658,0.83593,-0.02434,0.54805,
1403638617977829376,2.29974,2.87086,0.39966,0.01461,0.83494,-0.02390,0.54963,
1403638618077829632,2.35289,2.76360,0.43611,0.01391,0.83460,-0.02264,0.55021,
1403638618277829376,2.46989,2.55611,0.48851,0.01205,0.83481,-0.02106,0.55000,
1403638618477829376,2.59978,2.36114,0.52423,0.01166,0.83424,-0.01877,0.55096,
1403638618577829632,2.67113,2.26849,0.53953,0.01284,0.83326,-0.01797,0.55244,
1403638618677829632,2.74580,2.17751,0.55348,0.01675,0.83316,-0.02106,0.55238,
1403638618777829376,2.82406,2.09035,0.57099,0.01935,0.83246,-0.02427,0.55321,
1403638618877829632,2.90604,2.00717,0.59446,0.02244,0.83072,-0.02761,0.55556,
1403638618977829376,2.99085,1.92613,0.61941,0.02847,0.82659,-0.03651,0.56089,
1403638619077829632,3.07660,1.84732,0.63715,0.04041,0.82298,-0.05017,0.56440,
1403638619177829632,3.16281,1.77127,0.64755,0.05403,0.81939,-0.06905,0.56649,
1403638619277829376,3.24962,1.69869,0.65106,0.06809,0.81543,-0.09318,0.56723,
1403638619377829632,3.33506,1.62746,0.64532,0.08428,0.81091,-0.11767,0.56699,
1403638619477829376,3.41998,1.56013,0.63558,0.09487,0.80659,-0.13887,0.56668,
1403638619577829632,3.50516,1.49620,0.62441,0.10143,0.80288,-0.15460,0.56674,
1403638619677829632,3.58951,1.43393,0.60980,0.09772,0.79933,-0.17103,0.56768,
1403638619877829632,3.74885,1.30816,0.57081,0.09379,0.79472,-0.18902,0.56911,
1403638620077829632,3.89010,1.17081,0.52698,0.09729,0.79130,-0.19427,0.57152,
1403638620277829376,4.00513,1.02289,0.50559,0.10463,0.78880,-0.19200,0.57443,
1403638620577829632,4.13001,0.79215,0.51933,0.10803,0.79266,-0.18619,0.57039,
1403638620877829632,4.22581,0.55514,0.50467,0.10486,0.80172,-0.18198,0.55959,
1403638621077829632,4.27897,0.38900,0.47009,0.11312,0.80077,-0.17096,0.56280,
1403638621277829376,4.33163,0.23673,0.47112,0.11214,0.79840,-0.16650,0.56768,
1403638621477829376,4.38325,0.08928,0.47313,0.11446,0.79751,-0.16135,0.56996,
1403638621677829632,4.43012,-0.03624,0.45319,0.11410,0.79442,-0.15819,0.57520,
1403638621877829632,4.45198,-0.16688,0.42564,0.11695,0.78938,-0.15507,0.58238,
1403638622277829376,4.45785,-0.33512,0.31863,0.11007,0.78671,-0.15995,0.58599,
1403638622477829376,4.42818,-0.40020,0.29717,0.11443,0.78848,-0.15900,0.58303,
1403638622677829632,4.38073,-0.45365,0.30102,0.12183,0.78422,-0.15599,0.58807,
1403638622777829376,4.34662,-0.47112,0.32063,0.12470,0.77307,-0.15457,0.60243,
1403638623077829632,4.21179,-0.49452,0.37980,0.12125,0.77852,-0.16011,0.59461,
1403638623277829376,4.07839,-0.49018,0.38683,0.11309,0.78580,-0.16630,0.58488,
1403638623477829376,3.93173,-0.47957,0.38119,0.11141,0.79009,-0.16784,0.57894,
1403638623777829376,3.68764,-0.45970,0.39300,0.11636,0.79175,-0.16640,0.57612,
1403638624077829632,3.41265,-0.42739,0.43466,0.11762,0.79433,-0.16977,0.57130,
1403638624377829632,3.12615,-0.38853,0.43471,0.11275,0.79339,-0.17669,0.57149,
1403638624577829632,2.93378,-0.36411,0.41581,0.10955,0.78491,-0.18172,0.58214,
1403638624777829376,2.73107,-0.34004,0.39101,0.11604,0.78666,-0.16961,0.58217,
1403638624877829632,2.63047,-0.32726,0.38932,0.11738,0.79287,-0.16136,0.57580,
1403638625077829632,2.41196,-0.30156,0.40203,0.10249,0.79709,-0.15837,0.57364,
1403638625277829376,2.20125,-0.25699,0.39212,0.09407,0.79887,-0.15697,0.57299,
1403638625577829632,1.88042,-0.23485,0.39750,0.09253,0.79907,-0.15486,0.57353,
1403638625777829376,1.66446,-0.22209,0.42797,0.09139,0.80522,-0.15589,0.56477,
1403638625977829376,1.45364,-0.21608,0.44538,0.09270,0.80824,-0.15648,0.56006,
1403638626177829632,1.25567,-0.20559,0.43848,0.09141,0.80988,-0.15870,0.55727,
1403638626377829632,1.06237,-0.20795,0.42231,0.10234,0.80653,-0.15206,0.56206,
1403638626677829632,0.78329,-0.22952,0.37807,0.10418,0.80952,-0.14935,0.55814,
1403638626777829376,0.68993,-0.22354,0.36813,0.10153,0.81339,-0.15103,0.55251,
1403638626977829376,0.54122,-0.22460,0.36706,0.10035,0.81697,-0.15103,0.54743,
1403638627377829632,0.30762,-0.21969,0.36336,0.10234,0.81647,-0.14737,0.54880,
1403638627777829376,0.15062,-0.23388,0.31831,0.10774,0.81091,-0.14506,0.55657,
1403638628177829632,0.05189,-0.22069,0.24975,0.11114,0.81390,-0.14599,0.55127,
1403638628577829632,0.00941,-0.18539,0.22546,0.09614,0.80471,-0.15852,0.56398,
1403638628977829376,-0.01419,-0.16047,0.19325,0.10182,0.80313,-0.15614,0.56589,
1403638629177829632,-0.04571,-0.15828,0.18948,0.10916,0.80544,-0.15075,0.56270,
1403638629377829632,-0.05831,-0.14323,0.19619,0.11061,0.80885,-0.15003,0.55769,
1403638629477829376,-0.05019,-0.13578,0.19838,0.10920,0.81333,-0.15173,0.55095,
1403638629577829632,-0.05709,-0.14471,0.19897,0.10561,0.81636,-0.15448,0.54639,
1403638629677829632,-0.04699,-0.13242,0.19952,0.09465,0.81423,-0.16276,0.54916,
1403638629777829376,-0.04634,-0.14063,0.20894,0.08799,0.80859,-0.16806,0.55696,
1403638629877829632,-0.02393,-0.12910,0.20335,0.08649,0.80217,-0.16970,0.56590,
1403638629977829376,-0.01815,-0.13172,0.19435,0.09756,0.79666,-0.16292,0.57381,
1403638630177829632,-0.01732,-0.13840,0.14815,0.11086,0.79587,-0.15337,0.57513,
1403638630277829376,-0.02083,-0.13847,0.11341,0.11172,0.80043,-0.15269,0.56879,
1403638630377829632,-0.01962,-0.13577,0.08753,0.10774,0.81982,-0.15368,0.54099,
1403638630477829376,-0.00807,-0.13447,0.09876,0.10730,0.80183,-0.15201,0.56784,
1403638630577829632,0.00223,-0.13307,0.09715,0.10694,0.80113,-0.15311,0.56861,
1403638630677829632,0.01033,-0.13310,0.07668,0.10419,0.82012,-0.15008,0.54224,
1403638630777829376,0.01033,-0.13820,0.07068,0.10686,0.82696,-0.14427,0.53283,
